names	mean_imp	sd_imp
fit_result	100	0
Otu00367	30.72243045588906	2.8848864674563375
Otu00110	27.625008492961538	3.7170976646618845
Otu00361	25.907981762294973	3.6028258625191034
Otu00302	7.50782046415122	9.921075183053006
Otu00058	6.383423403860702	9.348024074486672
Otu00822	5.331173804662213	9.983586387078129
Otu00008	5.0594718704843284	7.957066156885516
Otu00557	3.644997126824279	7.869388358753827
Otu00012	3.009751463647193	5.5168967094595045
