names	mean_imp	sd_imp	n
fit_result	56.15337375175172	4.103474297720486	100
Otu00110	15.216910669461639	1.7254524205505686	100
Otu00361	14.34194997013714	1.6490446436329742	100
Otu00367	17.17919952552	1.909302052647688	100
Otu00002	1.832968713713994	4.856824283974822	63
Otu00005	0.3669858018094748	1.5493551700471262	54
Otu00001	0	0	53
Otu00003	0.21995169912690793	1.1215738350098565	53
Otu00004	0	0	51
Otu00058	9.34945339669996	3.3924908093817527	39
