names	mean_imp	sd_imp	n
fit_result	56.024612511406566	3.6216553470654143	100
Otu00110	15.563997386960263	2.5339437924942194	100
Otu00361	14.376282538756755	1.6111247601450673	100
Otu00367	17.15427896429218	1.606480384388238	100
Otu00002	1.717923887305619	4.3198389201675305	53
Otu00005	1.106498868271408	3.03617274430421	48
Otu00001	0	0	44
Otu00004	0.6625002236612318	3.072877388239905	44
Otu00003	0	0	42
Otu00302	11.261056128573609	0.8015480310374671	36
