key	mean_weights	sd_weights
Otu00822	-1.2130382046378572	0.4496685909387671
Otu01239	1.0256765664265588	0.3313852796984379
Otu00426	0.9873429000844282	0.47110134739762194
Otu00609	-0.8704529860331279	0.3928668304372602
Otu01212	0.8298815305421277	0.3249685550127281
