cv_aucs	test_aucs	Cost
0.738959307739796	0.697435897435897	0.9
0.723549603610579	0.724786324786325	0.5
