key	mean_weights	sd_weights
Otu01239	0.4500456475908223	0.38417362273046585
Otu00659	0.3997976263097594	0.3106070770680128
Otu00742	0.399535078738458	0.34930462405118273
Otu00056	0.3817266741474066	0.37175606939841166
Otu00012	0.38162222289446257	0.29094919185131746
