cv_aucs	test_aucs	Cost
0.742511732987343	0.617521367521368	0.5
0.704905112429503	0.718376068376068	0.5
