key	mean_weights	sd_weights
Otu01239	0.12404275897126733	0.09787782358821706
Otu00659	0.11208211751881428	0.07625384836867513
Otu00742	0.11098546247996692	0.08413887707300373
Otu00012	0.11049598179991346	0.0729793318217572
Otu00015	-0.1069287140924987	0.07912946411379794
