names	mean_imp	sd_imp
fit_result	24.399142328969038	6.574321540503205
Otu00058	0.9027526766111149	0.9529916544582807
Otu00008	0.6000432035035538	0.834641941708841
Otu00367	0.5396332371565257	1.0719651234542125
Otu00110	0.26041720561969434	1.0964401965631676
Otu00309	0.20706778400760983	0.5114304557970567
Otu00565	0.1864766536917574	0.3352788267875733
Otu00361	0.1814261099872252	1.003935689861442
Otu00002	0.1792354761451676	0.7310298866703665
Otu00477	0.17111552876546735	0.3871215448818355
