names	mean_imp	sd_imp
fit_result	99.26099271697683	7.390072830231748
Otu00367	10.38209759704023	2.1815087427872455
Otu00110	8.969317527966954	1.9409106331060768
Otu00361	7.425587803970788	2.0653300442064344
Otu00058	7.21122360045941	2.3158392688379568
Otu00008	6.093306059914811	1.936895128693039
Otu00002	5.927720097362666	1.8332262461752127
Otu00005	4.491120745065614	1.2249444750323322
Otu00012	4.1123259102187255	1.4071371400528043
Otu00003	3.901503986279588	1.3486858345863724
