names	mean_imp	sd_imp
fit_result	30.02921643531753	3.510624595564308
Otu00367	3.12651814909705	0.6102182891833885
Otu00110	2.684649311813347	0.49292463904743294
Otu00361	2.261862490185344	0.5218021722028607
Otu00058	2.216325083536778	0.7078482198999552
Otu00008	2.015912368135811	0.5704888652602546
Otu00002	1.852980174950252	0.4276875022968069
Otu00015	1.645149043242925	0.259842117253544
Otu00822	1.613908537112304	0.2695285570615238
Otu00021	1.57458600681518	0.2990487707213675
