names	mean_imp	sd_imp
fit_result	0.7709189723320158	0.009595752354668094
Otu00002	0.6035812728461469	0.010958818132845605
Otu00058	0.6006909641453015	0.011504525935591413
Otu00015	0.5900171624713958	0.008020272121222116
Otu00109	0.5898319054913604	0.007192669731603398
Otu00128	0.5895565021969225	0.00782481412910619
Otu00822	0.5893803444538119	0.006634769771597247
Otu00198	0.589114832535885	NA
Otu00264	0.5882361576196005	0.006595563107542868
Otu00021	0.5880957334046578	0.007509041607401942
