names	mean_imp	sd_imp
fit_result	11.07230831193493	3.977819556562708
Otu01212	0.529066182756673	0.6776026132558415
Otu00768	0.4814757188338415	0.6427423503444267
Otu00742	0.47907818571165933	0.8155250496159426
Otu00958	0.426446268162384	0.5969345641358396
Otu01239	0.39153707734435184	0.7893330658281194
Otu00822	0.3863492054170576	0.49258168838420635
Otu00609	0.33272398752053756	0.6113240738229726
Otu00050	0.3090893170811845	0.5104948126576404
Otu00056	0.3018529508894774	0.7603651809740645
