names	mean_imp	sd_imp
fit_result	100	0
Otu00002	38.06520625277581	4.590175623973166
Otu00058	37.10160946138426	4.805470342891485
Otu00822	31.884748682499545	3.25093170524749
Otu00128	30.86463923946735	4.4622501451045675
Otu00367	30.666618362257037	2.3406528214535967
Otu00361	30.616422542838514	2.9891037148760944
Otu00110	30.296187432155733	3.0826198157041254
Otu00109	28.210747834602312	4.688928613789224
Otu00264	27.951203283731658	4.320691968453743
