"cv_aucs","test_aucs","model"
0.74969083194693,0.616666666666667,"L2_Logistic_Regression"
0.729363222107125,0.69957264957265,"L2_Logistic_Regression"
