"cv_aucs","test_aucs","model"
0.722143702936386,0.72991452991453,"L2_Logistic_Regression"
0.707113611869709,0.77991452991453,"L2_Logistic_Regression"
