names	mean_imp	sd_imp
fit_result	27.924049383751534	6.332689466959532
Otu00058	2.2243220409515256	1.665642432661515
Otu00008	0.5789785008285309	0.9174521159993542
Otu00477	0.4057262181756059	0.6595004748899187
Otu00002	0.3151783476205827	0.7281175870091363
Otu00822	0.26369809428177027	0.5670998025227281
Otu00004	0.24027886217835442	0.7076759466063756
Otu00659	0.21091194981390837	0.4556103104183149
Otu00246	0.18727215188168161	0.5928960845872123
Otu00014	0.18512556464856397	0.37260692121355254
