names	mean_imp	sd_imp
fit_result	0.18779626288723258	0.024904990782872685
Otu00058	0.024570833526211696	0.006873618060600637
Otu00008	0.016151777073664206	0.004006941699082106
Otu00002	0.01307043065722446	0.0030855424027880123
Otu00019	0.011632712310617226	0.0030122448277403644
Otu00565	0.0116157549798091	NA
Otu00012	0.01155037954079437	0.002404238743474625
Otu00155	0.011543095724842117	0.0023270227073972746
Otu00742	0.011267620159189928	0.0027520035508426773
Otu00691	0.0112194101375503	NA
